"00835","WV091","GRAFTON        ","UNITED BAPT CH          "
"00836","WV033","SHINNSTON      ","FIRST METH CH           "
"00837","MA013","SPRINGFIELD    ","TRINITY METH CH         "
"00838","CT001","TRUMBULL       ","CHRIST REDEEMER LUTH CH "
"00839","MN005","DETROIT LAKES  ","TRINITY LUTH CH         "
"00840","CT009","NEW HAVEN      ","ST MARYS CH             "
"00841","VT025","WARDSBORO      ","BAPT CH                 "
"00842","CT003","HARTFORD       ","ST PAULS CH             "
"00843","NY061","MANHATTAN      ","CH OF THE CONFIGURATION "
"00844","NY039","CATSKILL       ","ST PATRICK R C CH       "
"00845","PA049","VENANGO TWP    ","METH EPISC CH           "
"00846","NJ017","JERSEY CITY    ","FIRST BAPT CH           "
"00847","NJ017","JERSEY CITY    ","NORTH BAPT CH           "
"00848","NJ017","JERSEY CITY    ","FIRST CONG CH           "
"00849","NJ013","NEWARK         ","FIRST GERMAN BAPT CH    "
"00850","NJ017","JERSEY CITY    ","CENTRAL AVE REF CH      "
"00851","NJ017","JERSEY CITY    ","ST JOHNS CH             "
"00852","NJ039","ROSELLE        ","FIRST M E CH            "
"00853","NJ013","NEWARK         ","LUTHERN CH              "
"00854","NJ017","JERSEY CITY    ","ST PAUL M E CH          "
"00855","NJ027","CHATHAM        ","M E CH                  "
"00856","NJ013","NEWARK         ","1ST M E CH HAMMOND ST   "
"00857","NJ017","JERSEY CITY    ","TRINITY BAPT CH         "
"00858","NJ007","CAMDEN         ","BETHANY M E CH          "
"00859","NJ013","NEWARK         ","S PARK PRESB CH HURON ST"
"00860","NJ027","MT FREEDOM     ","PRESB CH                "
"00861","NJ027","DOVER          ","2ND M E CH              "
"00862","NJ013","NEWARK         ","ST PAULS M E CH         "
"00863","NJ017","JERSEY CITY    ","FIRST PRESB CH          "
"00864","NJ011","CEDARVILLE     ","M E CH                  "
"00865","NJ011","NEWPORT        ","M E CH                  "
"00866","NJ013","S ORANGE       ","PRESB CH                "
"00867","NJ013","S ORANGE       ","M E CH                  "
"00868","NJ013","NEWARK         ","M E CH UNION ST         "
"00869","NJ027","GREEN VILLAGE  ","PRESB CH                "
"00870","NJ031","PATERSON       ","REF CH                  "
"00872","NJ029","CEDARVILLE     ","BAPT CH                 "
"00873","NJ037","NEWTON         ","FIRST PRESB? CH         "
"00874","NJ019","LEBANON        ","REF CH                  "
"00875","NJ029","LAKEWOOD       ","BAPT CH                 "
"00876","NJ039","ROSELLE        ","FIRST PRESB CH          "
"00877","NJ019","CLINTON        ","PRESB CH                "
"00878","NJ021","TRENTON        ","FIRST BAPT CH           "
"00879","NJ027","MT FREEDOM     ","M E CH                  "
"00880","NJ013","E ORANGE       ","CALVARY M E CH          "
"00881","NJ013","NEWARK         ","8TH AVE M E CH          "
"00001","DE003","WILMINGTON     ","TRINITY EPISC C         "
"00002","DE003","WILMINGTON     ","IMMANUEL EPISC          "
"00003","DE003","MARSHALLTON    ","ST BARNABAS EPI         "
"00004","DE003","WILMINGTON     ","GRACE EPISC CH          "
"00005","PA089","SMITHFIELD TWP ","DUTCH REF CH            "
"00006","CT009","NEW HAVEN      ","FIRST CONG CH           "
"00007","NJ023","NEW BRUNSWICK  ","ST JOSEPH               "
"00008","NJ039","WESTFIELD      ","PRESBY CH               "
"00009","ENNOR","NORWICH        ","WALLOON CH              "
"00010","CNNFD","LAMALINE       ","ST MARYS CH             "
"00011","NY075","OSWEGO         ","FIRST PRESBY            "
"00012","CNNFD","CUPIDS         ","METH CH                 "
"00013","NJ027","MORRISTOWN     ","FIRST PRESBY CH         "
"00014","CT003","ENFIELD        ","ST PATRICKS REC         "
"00015","NJ039","NEW PROVIDENCE ","PRESBY CH               "
"00016","PA101","PHILADELPHIA   ","CHRIST CH               "
"00017","MA007","ESSEX          ","CONG CH                 "
"00018","ENNOR","NORWICH        ","ST MARTIN AT OAK        "
"00019","NJ027","HANOVER        ","PRESBY CH               "
"00020","NY071","MACHACKENECK   ","DUTCH REF CH            "
"00021","CT005","W BRITAIN      ","NEW HARTFORD CH         "
"00022","CT003","NORTHFORD      ","ST ANDREWS CH           "
"00023","CT009","HARTLAND       ","SEC CH                  "
"00024","CT007","ESSEX          ","FIRST BAPT CH           "
"00025","CT003","BRISTOL        ","EPISC CH                "
"00026","ENYOR","BRADFORD       ","HORTON LANE IND         "
"00027","ENYOR","PUDSEY         ","NEW CHAPEL IND          "
"00028","CT009","MERIDEN        ","FIRST BAPT CH           "
"00029","NJ039","SUMMIT         ","ST ANTHONY'S CH         "
"00030","DE003","CLAYMONT       ","HOLY ROSARY CH          "
"00031","SC019","CHARLESTON     ","CHRIST CH PARIS         "
"00032","CT001","REDDING        ","CONG CH                 "
"00033","ENWIL","MARLBOROUGH    ","ST MARY                 "
"00034","NJ039","SPRIGFIELD     ","PRESBY CH               "
"00035","NY061","MANHATTAN      ","5TH AVE PRESBY          "
"00036","NJ027","MENDHAM        ","METH EPISC CH           "
"00037","NY061","MANHATTAN      ","ST PATRICK'S CH         "
"00038","NJ039","ELIZABETH      ","ST JOHN'S EPISC         "
"00039","PA095","CHESTNUT HILL  ","ST MARTIN CH            "
"00040","SC019","CHARLESTON     ","IND CH PARISH           "
"00041","PA101","PHILADELPHIA   ","SWEDES CH               "
"00042","CT003","HARTFORD       ","SECOND CONG CH          "
"00043","NJ035","N PLAINFIELD   ","HOLY CROSS EPIS         "
"00044","CT003","HARTFORD       ","SOUTH CONG CH           "
"00045","CT009","MERIDEN        ","ROMAN CATH CH           "
"00046","NY061","MANHATTAN      ","NAVY CHAPEL             "
"00047","PA091","WHITEMARSH     ","ST THOAMAS CH           "
"00048","CT005","TERRYVILLE     ","CONG CH                 "
"00049","NY061","MANHATTAN      ","NEW AMSTERDAM REF CH    "
"00050","CT001","BRIDGEPORT     ","UNITED CONG CH          "
"00051","CT009","MILFORD        ","FIRST CONG CH           "
"00052","CT009","DERBY          ","ST JAMES EPISC          "
"00053","NJ029","FORKED RIVER   ","METH CH                 "
"00054","NJ029","UNION TWP      ","METH CH                 "
"00055","NJ029","LANOKA         ","METH CH                 "
"00056","CT009","NEW HAVEN      ","TRINITY EPISC C         "
"00057","CT009","MILFORD        ","METH CH                 "
"00058","NY027","FISHKILL       ","FIRST REFORMED CH       "
"00059","CT009","CHESHIRE       ","CHESHIRE CONG C         "
"00060","OH035","E CLEVELAND    ","E CLEVE.PRESBY          "
"00061","CT003","BRISTOL        ","ST GREG CH              "
"00062","NJ001","NORTHFIELD     ","BAPT CH                 "
"00063","CT005","NORTHFIELD     ","CONG CH                 "
"00064","PA089","STROUD         ","ZION CH                 "
"00065","CT003","FARMINGTON     ","FIRST CONG CH           "
"00066","CT003","E HARTFORD     ","CONG CH                 "
"00067","CT003","HARTFORD       ","CHRIST CH               "
"00068","CT003","BRISTOL        ","PROSPECT METH CH        "
"00069","CT009","NEW HAVEN      ","METH EPISC CH           "
"00070","CT009","W HAVEN        ","CHRIST CH               "
"00071","CT009","NEW HAVEN      ","ROMAN CATH CH           "
"00072","PA103","LEHMAN TWP     ","DUTCH REF CH            "
"00073","CT009","NEW HAVEN      ","ST ROSES CH             "
"00074","CT007","MIDDLETOWN     ","CONG CH                 "
"00075","CT005","LITCHFIELD     ","CONG CH                 "
"00076","NY065","WHITESTOWN     ","FIRST PRESBY CH         "
"00077","CT009","BRANFORD       ","FIRST CONG CH           "
"00078","NJ029","BAYVILLE       ","METH CH                 "
"00079","NJ029","CEDAR CREEK    ","METH CH                 "
"00080","CT009","NORTHFORD      ","NORTHFORD CH            "
"00081","CT009","OXFORD         ","CONG CH                 "
"00082","MA009","SANDY BAY      ","FIFTH PARISH            "
"00083","CT005","NEW HARTFORD   ","ST JOHNS EPISC          "
"00084","PA115","JACKSON TWP    ","GELATT METH CH          "
"00085","UT035","SALT LAKE CITY ","SL CITY TEMPLE          "
"00086","CT005","TORRINGTON     ","TRINITY CH              "
"00087","CT003","SOUTHINGTON    ","FIRST CONG CH           "
"00088","CT009","WALLINGFORD    ","FIRST CONG CH           "
"00089","CT005","THOMASTON      ","METH CH                 "
"00090","CT005","THOMASTON      ","CONG CH                 "
"00091","CT005","THAMASTON      ","ST THOMAS CH            "
"00092","CT005","ROXBURY        ","FIRST CONG CH           "
"00093","CT009","W HAVEN        ","ROMAN CATH CH           "
"00094","CT009","WATERVILLE     ","METH CH                 "
"00095","CT005","PLYMOUTH       ","FIRST CONG CH           "
"00096","CT005","WARREN         ","CH OF CHRIST            "
"00097","NJ029","GOOD LUCK      ","METH CH                 "
"00098","CT015","EASTFORD       ","CONG CH                 "
"00099","CT013","BOLTON         ","CONG CH                 "
"00100","CT009","NEW HAVEN      ","CHAPEL OF GLEAM         "
"00101","CT007","MIDDLEFIELD    ","PRESBY CH               "
"00102","CT009","MERIDEN        ","LUTHERAN CH             "
"00103","CT009","WOODBRIDGE     ","FIRST CONG CH           "
"00104","CT009","NAUGATUCK      ","ST FRANCIS CH           "
"00105","CT013","WILLINGTON     ","FEDERATED CH            "
"00106","CT009","NAUGATUCK      ","METH EPISC CH           "
"00107","CT007","MIDDLETOWN     ","FIRST CH                "
"00108","CT001","SHELTON        ","METH EPISC CH           "
"00109","MA009","AMESBURY       ","ST JOSEPH R C CH        "
"00110","CT011","MONTVILLE      ","ROMAN CATH CH           "
"00111","CT011","NEW LONDON     ","FIRST CH                "
"00112","CT009","NEW HAVEN      ","HOPE BAPT CH            "
"00113","CT003","NEW BRITAIN    ","SOUTH CONG CH           "
"00114","CT007","CROMWELL       ","FIRST CONG CH           "
"00115","CT003","BERLIN-KENSNGTN","CONG CH                 "
"00116","CT003","E HARTLAND     ","CONG CH                 "
"00117","PA089","BEAKLEYVILLE   ","BAPT CH                 "
"00118","CT001","RIDGEFIELD     ","FIRST CONG CH           "
"00119","CT005","LITCHFIELD     ","ST MICHAELS CH          "
"00120","NJ025","SHREWSBURY     ","CHRIST CH               "
"00121","CT005","GOSHEN         ","CONG FIRST CH CHRIST    "
"00122","NY077","SPRINGFIELD    ","FIRST BAPT CH           "
"00123","CT005","NEW PRESTON    ","WASH.FIRST CONG         "
"00124","CT009","GUILFORD       ","CHRIST EPISC CH         "
"00125","NY017","GUILFORD       ","CHRIST CH               "
"00126","CT005","WATERTOWN      ","SEC CONG CH             "
"00127","CT009","N HAVEN        ","CONG CH                 "
"00128","NY027","PLEASANT VALLEY","PRESBY CH               "
"00129","NJ039","SPRINGFIELD    ","BAPT CH                 "
"00130","CT005","PLYMOUTH       ","ROMAN CATH CH           "
"00131","CT009","WATERBURY      ","FIRST BAPT CH           "
"00132","CT005","WINCHESTER     ","ST JAMES CH             "
"00133","CT011","LEBANON        ","BAPT CH                 "
"00134","NJ027","LYONSVILLE     ","BAPT CH                 "
"00135","CT009","NEW HAVEN      ","ST JAMES CH             "
"00136","CT015","WILLIMANTIC    ","ROMAN CATH CH           "
"00137","CT009","EAST HAVEN     ","FIRST CONG CH           "
"00138","CT009","WOLCOTT        ","CONG CH                 "
"00139","NY067","SYRACUSE       ","LADY OF LOURDES         "
"00140","CT009","N BRANFORD     ","ST MICHAELS CH          "
"00141","CT003","BRISTOL        ","ROMAN CATH CH           "
"00142","CT003","NEW BRITAIN    ","ROMAN CATH CH           "
"00143","CT007","DURHAM         ","CONG CH                 "
"00144","CT001","STAMFORD       ","FIRST CONG CH           "
"00145","CT009","WOODBRIDGE     ","AMITY CH                "
"00146","NJ019","LEBANON        ","METH EPISC CH           "
"00943","NJ013","NEWARK         ","TRINITY EPISC CH        "
"00148","NJ007","CAMDEN         ","FIRST METH CH           "
"00149","PA101","PHILADELPHIA   ","ST MATTHIAS CH          "
"00150","CT005","WATERTOWN      ","FIRST CONG CH           "
"00151","CT003","W AVOV         ","CONG CH                 "
"00152","CT001","NEWTOWN        ","TRUMBULL CONG           "
"00153","CT007","DURHAM         ","METH EPISC CH           "
"00154","CT011","PRESTON        ","FIRST CONG CH           "
"00155","CT003","ROCKY HILL     ","STEPNEY CH              "
"00156","NY115","GREENWICH      ","DUTCH REF CH            "
"00157","CT001","NEW FAIRFIELD  ","SOUTH CH                "
"00158","NY007","CHENANGO POINT ","FIRST PRESBY CH         "
"00159","CT001","STRATFORD      ","FIRST CONG CH           "
"00160","NJ003","DUMONT         ","SOUTH CH                "
"00161","CT009","W HAVEN        ","ST PAUL'S CH            "
"00162","CT009","WATERBURY      ","SECOND CONG CH          "
"00163","CT009","GUILFORD       ","FIRST CONG. CH.         "
"00164","CT007","ESSEX          ","EPISC. CH.              "
"00165","NY001","ALBANY         ","FIRST DUTCH REF         "
"00166","CT011","MYSTIC         ","METH CH                 "
"00167","CT007","E HADDAM       ","FIRST CONG CH           "
"00168","CT009","MADISON        ","METH EPISC CH           "
"00169","CT001","BRIDGEPORT     ","SEC BAPT CH             "
"00170","CT003","HARTFORD       ","BAPT CH                 "
"00171","PA017","               ","ST PAUL'S CH            "
"00172","CT001","TRUMBULL       ","GRACE CH                "
"00173","CT009","N HAVEN        ","ROMAN CATH CH           "
"00174","VA740","PORTSMOUTH     ","4TH ST PRESBY C         "
"00175","CT003","NEW BRITAIN    ","BAPT CH                 "
"00176","CT001","NEW CANAAN     ","NEW CANAAN CH           "
"00177","PA003","PITTSBURGH     ","HEINZ CHAPEL            "
"00178","CT005","COLEBROOK      ","CONG CH                 "
"00179","CT001","DANBURY        ","FIRST CONG CH           "
"00180","CT005","BARKHAMSTED    ","FIRST CONG CH           "
"00181","CT009","W HAVEN        ","W HAVEN CH              "
"00182","CT009","MIDDLEBURY     ","FIRST CONG CH           "
"00183","CT005","HARWINTON      ","FIRST CONG CH           "
"00184","CT009","FAIRHAVEN      ","SEC CR                  "
"00185","CT009","WALLINGFORD    ","CONSOCIATION CH         "
"00186","CT009","W HAVEN        ","FIRST CONG CH           "
"00187","CT003","HARTLAND       ","FIRST CONG CH           "
"00188","CT007","MIDDLETOWN     ","CHRIST CH               "
"00189","CT007","MIDDLETOWN     ","HOLY TRINITY CH         "
"00190","CT003","W HARTLAND     ","SECOND CH               "
"00191","CT005","MORRIS         ","MORRIS CH               "
"00192","CT001","NEWTON         ","FIRST CONG CH           "
"00193","NJ029","FORKED RIVER   ","PRESBY CH               "
"00194","CT013","COVENTRY       ","SEC CH                  "
"00195","CT009","MERIDEN        ","FIRST CONG CH           "
"00196","CT005","BETHLEHEM      ","FIRST CH                "
"00197","CT005","WOODBURY       ","CONG CH                 "
"00198","CT009","W HAVEN        ","CHRIST CH               "
"00199","OH165","UNION TWP      ","FELLOWSHIP CH           "
"00200","CT009","BIRMINGHAM     ","METH CH                 "
"00201","CT001","BRIDGEPORT     ","FIRST PRESBY CH         "
"00202","NY117","NEWARK         ","FIRST METH CH           "
"00203","PA115","AUBURN CORNERS ","METH CH                 "
"00204","CT009","WATERBURY      ","ST JOHN'S CH            "
"00205","NJ023","NEW BRUNSWICK  ","FIRST REF CH            "
"00206","CT009","FAIRHAVEN      ","METH EPISC CH           "
"00207","NJ021","TRENTON        ","PRESB CH                "
"00208","NYO61","NEW YORK       ","BRICK CH                "
"00209","CT005","WINSTED        ","FIRST CONG CH           "
"00210","CT003","BRISTOL        ","FIRST CONG CH           "
"00211","CA075","SAN FRANCISCO  ","FIRST CONG CH           "
"00212","CT011","LYME           ","BAPT CH                 "
"00213","CT007","E HAMPTON      ","HADDAM NECK CON         "
"00214","CT009","DERBY          ","CONG CH                 "
"00215","CT009","NAUGATUCK      ","CONG CH                 "
"00216","NJ037","WALPACK        ","OLD DUTCH REF           "
"00217","CT005","CORNWALL       ","METH EPISC CH           "
"00218","CT009","NEW HAVEN      ","ST PAUL'S CH            "
"00219","MA009","ANDOVER        ","ST AUGUSTINE CH         "
"00220","CT005","LITCHFIELD     ","TRINITY EPISC           "
"00221","PA091","LOWER MERION   ","BAPT CH                 "
"00222","CT009","WATERBURY      ","FIRST CONG CH           "
"00223","CT009","N MADISON      ","CONG CH                 "
"00224","MA015","NORTHAMPTON    ","ST JOHN'S CH            "
"00225","PA045","MARPLE TWP     ","PRESBY CH               "
"00226","CT009","NEW HAVEN      ","ST MICHAEL'S CH         "
"00227","CT001","NEWFIELD       ","METH EPISC CH           "
"00228","NY051","DANSVILLE      ","PRESBY CH               "
"00229","MA009","S HAMILTON     ","CHRIST CH               "
"00230","NJ027","MENDHAM        ","OLD PRESBY CH           "
"00231","PA017","HARTSVILLE     ","NESHAMINY PRESB         "
"00232","NJ019","GRANDIN        ","BETHLEHEM PRESB CH      "
"00233","NJ021","HAMILTON SQ    ","BAPT CH                 "
"00234","NJ025","SHREWSBURY     ","QUAKER CH               "
"00235","PA101","PHILADELPHIA AR","QUAKER CH               "
"00236","PA101","PHILADELPHIA NL","ST JOHN'S CH            "
"00237","CT011","SALEM          ","EPISC CH                "
"00238","CT009","OXFORD         ","ST PETER'S EPIS         "
"00239","CT009","WATERBURY      ","ADVANT CHRISTIA         "
"00240","CT005","BANTAM         ","ST PAUL'S EPISC         "
"00241","CT005","PLYMOUTH       ","ST PETER'S CH           "
"00242","CT005","PLYMOUTH       ","ST MATTHEW'S CH         "
"00243","NY119","HASTINGS ON HUD","ST MATTHEW'S CH         "
"00244","CT011","STONINGTON     ","BAPT CH                 "
"00245","CT003","PLAINVILLE     ","CONG CH                 "
"00246","MI163","DETROIT        ","ST PAUL'S CATHEDRAL     "
"00247","CT009","NEW HAVEN      ","ST THOMAS'S CH          "
"00248","NY007","ENDICOTT       ","CENTRAL UN METH         "
"00249","MA009","AMESBURY       ","SACRED HEART RC         "
"00250","CA037","CANOGA PARK    ","OUR LADY OF VALLEY CATH "
"00251","CNNB ","WESTFIELD      ","ANGLICAN CH             "
"00252","NY121","PERRY          ","BAPT CH                 "
"00253","NJ013","MONTCLAIR      ","UNION CONG CH           "
"00254","NY003","BELMONT        ","METH CH                 "
"00255","NY003","FILLMORE       ","METH CH                 "
"00256","PA049","NORTH EAST     ","BAPTIST CH              "
"00257","OR051","PORTLAND       ","ZION LUTHERAN C         "
"00258","WI039","FOND DU LAC    ","ST PATRICKS CH          "
"00259","CT009","WATERBURY      ","TRINITY EPISC C         "
"00260","NY007","HILLCREST      ","OGDEN METH CH           "
"00261","NY007","VESTAL         ","MEM PK BAPT CH          "
"00262","NY131","MESHOPPEN TWP  ","BUNNELL HILL CM         "
"00263","PA131","BRAINTRIM TWP  ","BAPT CH                 "
"00264","PA033","CLEARFIELD     ","TRINITY METH CH         "
"00265","PA115","MONTROSE       ","BRIDGEWATER BAP         "
"00266","WV049","MANNINGTON     ","CH OF CHRIST            "
"00267","NJ017","JERSEY CITY    ","GRACE METH EPISC CH     "
"00268","DC001","WASHINGTON     ","CH OF EPIPHANY          "
"00269","PA133","               ","CHRIST LUTH CH          "
"00270","NJ039","ELIZABETH      ","FIRST PRESB CH          "
"00271","VA061","LONG BRANCH    ","BAPT CH                 "
"00272","VA   ","MISSIONARY     ","BAPT CH                 "
"00273","IA155","COUNCIL BLUFFS ","FIRST CONG CH           "
"00274","NY029","SARDINIA       ","ST JUDES                "
"00275","IN131","WINAMAC        ","FIRST CHRISTIAN         "
"00276","OH059","CAMBRIDGE      ","UNITED METH CH          "
"00277","NY027","HOPEWELL JUNCT ","DUTCH REF CH            "
"00278","NY021","CLAVERACK      ","REF CH                  "
"00279","NY061","MANHATTAN      ","MARINERS CH             "
"00280","NY111","ALLIGERVILLE   ","METH CH                 "
"00281","NY095","SCHOHARIE      ","DUTCH REF CH            "
"00282","NY085","STATEN ISLAND  ","MORAVIAN CH             "
"00283","NY071","WALDEN         ","DUTCH REF CH            "
"00284","NY093","SCHNECTADY     ","DUTCH REF CH            "
"00285","NY061","MANHATTAN      ","CHRIST P E CH           "
"00286","NY061","MANHATTAN      ","CHRIST LUTH CH          "
"00287","NY083","BUSKIRKS BRIDGE","DUTCH REF CH            "
"00288","NJ017","BERGEN         ","REF CH                  "
"00289","NJ023","METUCHEN       ","FIRST PRESB CH          "
"00290","NJ039","RAHWAY         ","PRESB CH                "
"00291","ENLON","LONDON         ","ST ALPHAGE LONDON WALL  "
"00292","NJ025","BURLINGTON     ","QUAKER CH               "
"00293","PA101","PHILADELPHIA   ","REHOBETH M E            "
"00294","OH105","CHESTER        ","FRIENDS CM              "
"00295","OH027","WILMINGTON     ","METH EPISC CH           "
"00296","OH113","KETTERING      ","DAVID'S REF CH          "
"00297","PA131","TUNKHANNOCK    ","METH EPISC CH           "
"00298","NJ027","BOONTON        ","FIRST PRESBY CH         "
"00299","VA760","RICHMOND       ","GR & HOL TR EPI         "
"00300","KY167","HARRODSBURG    ","SHAWNEE RUN BAP         "
"00301","NJ037","DECKERTOWN     ","PRESB CH                "
"00302","ME005","N YARMOUTH     ","FIRST CONG CH           "
"00303","CNNB ","SUSSEX         ","PRESBY CH               "
"00304","CNNB ","COLLINA        ","BAPT CH                 "
"00305","CNNB ","ST JOHN        ","BAPT CH                 "
"00306","CNQUE","VALLEYFIELD    ","UNITED CH               "
"00307","NJ035","KINGSTON       ","CH OF CHRIST            "
"00308","MS047","BILOXI         ","FIRST PRESBY CH         "
"00309","MS047","BILOXI         ","ST MICHAELS CH          "
"00310","DE003","WILMINGTON     ","ST ANDREWS EPIS         "
"00311","DE003","NEW CASTLE     ","ASBURY UN METH          "
"00312","CNNFD","LAMALINE       ","ANGLICAN CH             "
"00313","ENLON","LONDON         ","ST ALBAN WOOD ST        "
"00314","IRDUB","DUBLIN         ","ST MICHAN               "
"00315","ME005","FALMOUTH       ","FIRST CHRISTIAN         "
"00316","MA025","BOSTON         ","FIRST  CONG CH          "
"00317","OH061","SYCAMORE TWP   ","CARP RUN BAPT           "
"00318","DE003","CLAYMONT       ","IMMAC HT OF MAR         "
"00319","ENDEV","EXETER         ","ST THOMAS THE APOSTLE   "
"00320","ENDEV","TAVISTOCK      ","ABBEY CHAPEL            "
"00321","ENDEV","EXETER         ","ST SIDWELL              "
"00323","ENDEV","EXETER         ","ST EDMUNDS              "
"00324","ENDEV","PLYMOUTH       ","HOW STREET BAPTIST      "
"00326","ENDEV","EXETER         ","HOLY TRINITY            "
"00327","ENDEV","EXETER         ","ST PETER CATHEDRAL      "
"00328","ENDEV","EXETER         ","ST MARY ARCHES          "
"00329","ENDEV","KINGSBRIDGE    ","EBENEZER CHAPEL         "
"00330","ENDEV","EXETER         ","ST OLAVE                "
"00331","ENDEV","KINGSBRIDGE    ","BAPT                    "
"00332","ENDEV","SHILLINGFORD   ","ST GEORGE               "
"00333","ENDUR","DURHAM         ","ST MARGARET             "
"00334","ENDEV","EXETER         ","ST MARY MAJOR           "
"00335","ENDEV","PLYMOUTH       ","ST ANDREW               "
"00336","ENDEV","EXETER         ","ST DAVID                "
"00337","ENDEV","DARTMOUTH      ","ST PETROX               "
"00338","ENDEV","PLYMOUTH       ","BATTER ST PRESBYTERIAN  "
"00339","ENDEV","STOKENHAM      ","FORD CHAPEL INDEPENDENT "
"00340","ENDEV","EXETER         ","ST LAWRENCE             "
"00341","ENDEV","EXETER         ","ST GEORGE               "
"00342","ENDEV","EXETER         ","ST PETROCK              "
"00343","ENDEV","EXETER         ","ALL HALLOWS             "
"00344","ENDEV","EXETER         ","ST MARTIN               "
"00345","ENDEV","DARTMOUTH      ","ST SAVIOR               "
"00346","ENDEV","OTTERY         ","ST MARY                 "
"00347","ENDEV","EXETER         ","ST LEONARD              "
"00348","ENDEV","EXETER         ","ST PAUL                 "
"00349","ENDEV","DARTMOUTH      ","ST CLEMENT              "
"00350","ENCHE","CHESTER        ","HOLY TRINITY            "
"00351","ENCHE","CHESTER        ","ST JOHN THE BAPTIST     "
"00352","ENCUM","WHITEHAVEN     ","ST NICHOLAS             "
"00353","ENCUM","WHITEHAVEN     ","ST JAMES                "
"00354","ENCUM","WHITEHAVEN     ","HOLY TRINITY            "
"00355","ENCUM","CARLISLE       ","ST MARY                 "
"00356","ENCUM","CARLISLE       ","ST CUTHBERT             "
"00357","ENDER","DERBY          ","ALL SAINTS              "
"00358","ENCOR","SALTASH        ","WESLEYAN                "
"00359","ENDER","DERBY          ","ST PETER                "
"00360","ENESS","COLCHESTER     ","ST BOTOLPH              "
"00361","ENCOR","TRURO          ","ST AGNES                "
"00362","ENBUC","AYLESBURY      ","ST MARY                 "
"00363","ENBED","LUTON          ","ST MARY                 "
"00364","ENESS","MALDON         ","ST PETER INDEPENDENT    "
"00365","ENGLO","GLOUCESTER     ","ST MARY                 "
"00366","ENHAM","PORTSEA        ","ST JOHN                 "
"00367","ENHAM","PORTSMOUTH     ","ST THOMAS               "
"00368","ENHAM","PORTSEA        ","ST MARYS                "
"00369","ENKEN","GREENWICH      ","ST ALPHAGE              "
"00370","ENKEN","ROCHESTER      ","ST NICHOLAS             "
"00371","ENKEN","LEWISHAM       ","ST MARY                 "
"00372","ENLAN","LIVERPOOL      ","ST PETER                "
"00373","ENLAN","LIVERPOOL      ","ST NICHOLAS             "
"00374","ENLAN","LIVERPOOL      ","BEVINGTON ST ALBAN      "
"00375","ENLAN","MANCHESTER     ","CATHEDRAL               "
"00376","ENLAN","MANCHESTER     ","ST ANDREW ANCOATS       "
"00377","ENLAN","LANCASTER      ","ST MARY                 "
"00378","ENLIN","LINCOLN        ","ST SWITHIN              "
"00379","ENLON","LONDON         ","ST BOTOLPH BISHOPSGATE  "
"00380","ENLON","LONDON         ","THREADNEEDLE ST FR HUGUE"
"00381","ENLON","STEPNEY        ","ST DUNSTAN              "
"00382","ENLON","ST PANCRAS     ","OLD CHURCH              "
"00383","ENLON","KENNINGTON     ","ST MARK                 "
"00384","ENLON","LAMBETH        ","ST JOHN THE EVANGELIST  "
"00385","ENLON","WESTMINSTER    ","ST CLEMENT DANES        "
"00386","ENLON","LONDON         ","ST DUNSTAN IN THE EAST  "
"00387","ENLON","LONDON         ","ST MARY COLECHURCH      "
"00388","ENLON","FINSBURY       ","CHARTERHOUSE CHAPEL     "
"00389","ENLON","LONDON         ","ST SEPULCHRE            "
"00390","ENLON","CLERKENWELL    ","ST JAMES                "
"00391","ENLON","ST MARYLEBONE  ","ST MARY                 "
"00392","ENLON","LONDON         ","KINGS WEIGHT HSE FISH ST"
"00393","ENLON","WESTMINSTER    ","ST MARTIN IN THE FIELDS "
"00394","ENLON","FINSBURY       ","ST LUKE OLD ST          "
"00395","ENLON","SOUTHWARK      ","ST SAVIOUR              "
"00396","ENLON","WESTMINSTER    ","SWALLOW ST SCOTCH CH    "
"00397","ENLON","HOLBORN        ","LINCOLN INN FIELDS - Rc "
"00398","ENLON","SHOREDITCH     ","ST LEONARDS             "
"00399","ENLON","LONDON         ","ST FAITH UNDER ST PAUL  "
"00400","ENLON","SHOREDITCH     ","ST JOHN THE BAPTIST     "
"00401","ENLON","LONDON         ","ST EDMUND/KING LOMBARD S"
"00402","ENKEN","DEPTFORD       ","ST PAUL                 "
"00403","ENLON","CHELSEA        ","ST LUKE                 "
"00404","ENLON","SOUTHWARK      ","ST OLAVE                "
"00405","ENLON","BERMONDSEY     ","ST MARY MAGDALENE       "
"00406","ENLON","LONDON         ","CHRIST CH GREYFRIARS NEW"
"00407","ENLON","LONDON         ","ST ETHELBURGA BISHOPGATE"
"00408","ENLON","WESTMINSTER    ","ST MARGARET             "
"00409","ENLON","DEPTFORD       ","ST NICHOLAS             "
"00410","ENLON","LONDON         ","ST MARTIN ORGAR/ST CLEME"
"00411","ENLON","LONDON         ","ST GABRIEL FENCHURCH    "
"00412","ENLON","HOLBORN        ","ST ANDREW               "
"00413","ENLON","LONDON         ","ST PETER-LE-POER        "
"00414","ENLON","LONDON         ","ALL HOLLOWS THE LESS    "
"00415","ENLON","LONDON         ","ST GILES CRIPPLEGATE    "
"00416","ENLON","NOTTING HILL   ","ST MARK                 "
"00417","ENLON","DEPTFORD       ","ST PAUL                 "
"00418","ENKEN","HATCHAM        ","ST JAMES                "
"00419","ENLON","LONDON         ","ST MICHAEL BASSISHAW    "
"00420","ENLON","STEPNEY        ","ST GEORGE IN THE EAST   "
"00421","ENLON","WESTMINSTER    ","ST JAMES                "
"00422","ENLON","FINSBURY       ","ST THOMAS CHARTRHOUSE   "
"00423","ENLON","LONDON         ","ST ANDREW UNDERSHAFT    "
"00424","ENLON","WESTMINSTER    ","ST GEORGE MAYFAIR       "
"00425","ENLON","LONDON         ","FETTER LANE INDEPENDENT "
"00426","ENLON","HENDON         ","MILL HILL INDEPENDENT   "
"00427","ENLON","WESTMINSTER    ","ST JOHN/EVANG. DRURY LAN"
"00428","ENLON","WESTMINSTER    ","ST MARY LE STRAND       "
"00429","ENLON","LONDON         ","ST BENET PAULS WHARF    "
"00430","ENLON","LONDON         ","ST BRIDE FLEET ST       "
"00431","ENLON","LONDON         ","ST NICHOLAS OLAVE       "
"00432","ENLON","SPITALFIELDS   ","ARTILLERY-FRENCH HUGUENO"
"00433","ENLON","SPITALFIELDS   ","ST JEAN FRENCH HUGUENOT "
"00434","ENLON","LONDON         ","ST PANCRAS SOPER LANE   "
"00435","ENLON","LONDON         ","ST HELEN BISHOPGATE     "
"00436","ENLON","LONDON         ","ST MARY AT HILL         "
"00437","ENLON","LONDON         ","ST KATHERINE COLEMAN    "
"00438","ENLON","STEPNEY        ","ST MARY WHITECHAPEL     "
"00439","ENLON","SOMERSET       ","ST MARY                 "
"00440","ENLON","LONDON         ","ALL HALLOWS LONDON WALL "
"00441","ENLON","LONDON         ","ST LAWRENCE JEWERY/MAGDA"
"00442","ENLON","LONDON         ","ST STEPHEN WALBROOK     "
"00443","ENLON","LONDON         ","ST JAMES DUKES PLACE    "
"00444","ENLON","WESTMINSTER    ","ST ANNE SOHO            "
"00445","ENLON","STEPNEY        ","SPITALFIELDS CHRIST CH  "
"00446","ENLON","LONDON         ","ST BOTOLPH WITHOT ALDGAT"
"00447","ENLON","LONDON         ","ST PETER CORNHILL       "
"00448","ENLON","LONDON         ","ST GREGORY BY ST PAUL   "
"00449","ENLON","LONDON         ","ST MICHAEL CORNHILL     "
"00450","ENLON","LONDON         ","ST ANDREW BY THE WARDROB"
"00451","ENLON","LONDON         ","ST MARY/VIRGIN ALDERMANB"
"00452","ENLON","HERNE HILL     ","ST PAUL                 "
"00453","ENNOR","NORWICH        ","ST BENEDICT PARISH      "
"00454","ENNOR","NORWICH        ","ST PETER SOUTHGATE      "
"00455","ENNOR","NORWICH        ","ST MICHAEL COSLANY      "
"00456","ENNOR","NORWICH        ","ST MARY AT COSLANY      "
"00457","ENNOR","NORWICH        ","ST GEORGE TOMBLAND      "
"00458","ENNOR","NORWICH        ","ST JOHN TIMBERHILL      "
"00459","ENNOR","NORWICH        ","ALL SAINTS              "
"00460","ENNOR","NORWICH        ","ST ANDREW               "
"00461","ENNOR","NORWICH        ","ST STEPHEN              "
"00462","ENNOR","NORWICH        ","ST MARTIN AT PALACE     "
"00463","ENNOR","NORWICH        ","ST PETER MANCROFT       "
"00464","ENNOR","KINGS LYNN     ","ST NICHOLAS             "
"00465","ENNOR","NORWICH        ","ST CLEMENT              "
"00466","ENNOR","NORWICH        ","ST MARY IN THE MARSH    "
"00467","ENSHR","WELLINGTON     ","CHRIST CH               "
"00468","ENSOM","BATH           ","ST JAMES                "
"00469","ENNOT","NOTTINGHAM     ","ST MARY                 "
"00470","ENNOT","NOTTINGHAM     ","METHODIST NEW CONNEX    "
"00471","ENNOT","NOTTINGHAM     ","ST NICHOLAS             "
"00472","ENSTA","WALSALL        ","ST PETER                "
"00473","ENSTA","HANDSWORTH     ","ST MARYS                "
"00474","ENSTA","LICHFIELD      ","ST CHAD                 "
"00475","ENSTA","WALSALL        ","ST MATTHEW              "
"00476","ENSTA","WOLVERHAMPTON  ","ST PETER                "
"00477","ENSTA","LICHFIELD      ","ST MICHAEL              "
"00478","ENSTA","WEDNESBURY     ","ST BARTHOLOMEW          "
"00479","ENSTA","LICHFIELD      ","CATHEDRAL               "
"00480","ENSTA","LICHFIELD      ","CHRIST CH               "
"00481","ENSTA","FAREWELL       ","ST BARTHOLOMEW          "
"00482","ENSTA","DARLASTON      ","ST LAWRENCE             "
"00483","ENSTA","STAFFORD       ","ST MARY                 "
"00484","ENSTA","STAFFORD       ","BROAD HIGH CHAPEL       "
"00485","ENSTA","LICHFIELD      ","ST MARY                 "
"00486","ENSTA","W BROMWICH     ","ALL SAINTS              "
"00487","ENSUF","BUNGAY         ","TRINITY CH              "
"00488","ENSUF","ALDRINGHAM     ","PARTICULAR BAPTIST      "
"00489","ENSUF","IPSWICH        ","ST MARY STOKE           "
"00490","ENSUR","WALWORTH       ","ST PETER                "
"00491","ENSUR","CAMBERWELL     ","ST GILES                "
"00492","ENSUR","SOUTHWARK      ","ST SAVIOUR              "
"00493","ENWAR","BIRMINGHAM     ","ST MARTIN               "
"00494","ENWAR","BIRMINGHAM     ","ST PHILLIPS             "
"00495","ENWAR","BIRMINGHAM     ","ALL SAINTS              "
"00496","ENWAR","WARWICK        ","ST MARY                 "
"00497","ENWAR","DERITEND       ","ST JOHN                 "
"00498","ENWAR","BIRMINGHAM     ","ST BARTHOLOMEW          "
"00499","ENWAR","WARWICK        ","ST NICHOLAS             "
"00500","ENWAR","BIRMINGHAM     ","ST GEORGE               "
"00501","ENWAR","COVENTRY       ","HOLY TRINITY            "
"00502","ENWAR","BIRMINGHAM     ","WESLEYAN METHODIST      "
"00503","ENWAR","BIRMINGHAM     ","ST STEPHEN              "
"00504","ENWAR","COVENTRY       ","ST NICHOLAS             "
"00505","ENWAR","COVENTRY       ","ST MICHAEL              "
"00506","ENWAR","BIRMINGHAM     ","ST THOMAS               "
"00507","ENWOR","HANLEY CASTLE  ","ST MARYS                "
"00508","ENWOR","DUDLEY         ","ST THOMAS               "
"00509","ENWOR","WORCESTER      ","ST MARTIN               "
"00510","ENWOR","MOSELEY        ","ST MARY                 "
"00511","ENWOR","WORCESTER      ","ST HELEN                "
"00512","ENWOR","REDDITCH       ","WESLEYAN METHODIST      "
"00513","ENYOR","YORK           ","HOLY TRINITY MICKLEGATE "
"00514","ENYOR","LEEDS          ","ST JOHN                 "
"00515","ENYOR","YORK           ","HOLY TRINITY KINGS COURT"
"00516","ENYOR","RIPON          ","WESLEYAN METHODIST      "
"00517","ENYOR","LEEDS          ","ST PETER                "
"00518","ENYOR","HUDDERSFIELD   ","ST PETER                "
"00519","IRDUB","DUBLIN         ","ST PETER                "
"00520","IRLIM","LIMERICK       ","ST JOHN                 "
"00521","IRDUB","DUBLIN         ","ST ANN                  "
"00522","WLCAR","CARMARTHEN     ","ST PETER                "
"00523","WLWGL","SWANSEA        ","ST MARY                 "
"00524","WLGWY","LLANDWROG      ","ST TWROG                "
"00525","WLGLA","CANTON         ","ST JOHN                 "
"00526","WLGLA","CARDIFF        ","ST JOHN                 "
"00527","MD003","ANNAPOLIS      ","E PORT METHODIST CH     "
"00528","NJ039","UNION          ","CT FARMS FIRST PRESB CH "
"00529","IL177","ORANGEVILLE    ","METHODIST CH            "
"00530","ENDOR","SHAFTESBURY    ","HOLY TRINITY WESLEYAN ME"
"00531","ENDUR","AUCKLAND       ","ST ANDREW               "
"00532","ENDUR","DURHAM         ","ST NICHOLAS             "
"00533","ENDUR","SALWELL        ","EBENEZER PRESBTERIAN    "
"00534","ENDUR","SUNDERLAND     ","OLD MTG OR CORN MKT CHAP"
"00535","ENLON","WESTMINSTER    ","ST JOHN SMITH SQUARE    "
"00536","ENYOR","LEEDS          ","MEADOW LANE WESLEYAN    "
"00537","ENHRT","BISHOPS STORTFO","ST MICHAELS             "
"00538","ENWOR","DROITWICH      ","ST PETER                "
"00539","ENNOT","NOTTINGHAM     ","ST PETER                "
"00540","ENNTU","SHILBOTTLE     ","ST JAMES                "
"00541","ENLON","LONDON         ","ST AUGUSTINE WATLING ST "
"00542","ENESS","COLCHESTER     ","ST NICHOLAS             "
"00543","ENSUS","WORTHING       ","ST GEORGE               "
"00544","ENKEN","ELTHAM         ","ST JOHN                 "
"00545","ENNTU","NEWCASTLE UT   ","ST NICHOLAS             "
"00546","ENHRF","HEREFORD       ","ST OWEN                 "
"00547","ENNTU","NEWCASTLE UT   ","ALL SAINTS              "
"00548","ENYOR","YORK           ","ST MARY BISHOPHILL SR   "
"00549","ENNTH","KETTERING      ","GREAT MEETING INDEPENDEN"
"00550","ENNTU","NEWCASTLE UT   ","ST ANDREW               "
"00551","ENYOR","YORK           ","ALL SAINTS PAVEMENT     "
"00552","MD035","CHURCH HILL    ","ST LUKES PROT EPISC CH  "
"00553","MD510","BALTIMORE      ","ST PAUL PROT EPISC CH   "
"00554","ENESS","COLCHESTER     ","ST MARY THE VIRGIN      "
"00555","ENESS","COLCHESTER     ","HELENS LANE MEETING     "
"00556","ENLON","LONDON         ","ST MILDRED POULTRY      "
"00557","ENNOR","KINGS LYNN     ","ST MARGARET             "
"00558","ENSUS","LITTLE HAMPTON ","ST MARY                 "
"00559","ENLON","STEPNEY        ","ALL SAINTS              "
"00560","ENWAR","RUGBY          ","ST ANDREW               "
"00561","ENSUF","NORTON         ","ST ANDREWS              "
"00562","ENESS","COLCHESTER     ","ST LEONARD              "
"00563","ENLON","LONDON         ","ST MATTHEW FRIDAY ST    "
"00564","ENESS","COLCHESTER     ","IND MTG HSE LION WALK   "
"00565","ENSUR","GUILDFORD      ","ST MARY                 "
"00566","ENOXF","BLOXAM/MILTON  ","PROTEST. DISSENTERS/PRES"
"00567","ENESS","COLCHESTER     ","ELD LANE BAPT           "
"00568","ENLEI","HINCKLEY       ","ST MARY                 "
"00569","ENSHR","BRIDGNORTH     ","ST LEONARDS             "
"00570","ENESS","COLCHESTER     ","ALL SAINTS              "
"00571","ENLON","BETHNAL GREEN  ","ST MATTHEW              "
"00572","ENLON","LONDON         ","ST LEONARDS EASTCHEAP   "
"00573","ENSUF","WOODBRIDGE     ","ST MARY                 "
"00574","ENNTH","YARDLES HASTING","INDEPENDENT             "
"00575","ENWAR","COVENTRY       ","ST JOHN                 "
"00576","ENHAM","WINCHESTER     ","ST MAURICE              "
"00577","ENKEN","MINSTER ON THAN","ST MARY                 "
"00578","ENLON","LONDON         ","ST NICHOLAS COLE ABBEY  "
"00579","ENESS","LEXDEN         ","ST LEONARD              "
"00580","ENSUR","NEWINGTON      ","ST MARY                 "
"00581","ENLON","ST MARYLEBONE  ","ALL SOULS               "
"00582","ENLON","HOLBORN        ","HOLY TRINITY KINGSWAY   "
"00583","ENSUS","CHICHESTER     ","ST PAUL                 "
"00584","ENNOR","NORWICH        ","ST MICHAEL AT PLEA      "
"00585","ENESS","COLCHESTER     ","NEW MTG HSE STANWELL ST "
"00586","ENLON","LONDON         ","ST MARTIN LUDGATE       "
"00587","ENLIN","SUTTON BRIDGE  ","ST MATTHEW              "
"00588","ENNTU","BERWICK UPON TW","ROMAN CATHOLIC          "
"00589","ENOXF","OXFORD         ","ST MARY THE VIRGIN      "
"00590","ENKEN","MARGATE        ","ST JOHN                 "
"00591","ENESS","COLCHESTER     ","ST RUNWALD              "
"00592","ENSUF","IPSWICH        ","ST MATTHEW              "
"00593","ENLON","WESTMINSTER    ","ST GEORGE HANOVER SQ    "
"00594","ENLAN","MANCHESTER     ","ALL SAINTS              "
"00595","ENLON","CAMBERWELL     ","ST GILES                "
"00596","ENESS","CHELMSFORD     ","DUKE ST BAPTIST         "
"00597","ENNOR","NORWICH        ","ST GREGORY              "
"00598","ENLON","PADDINGTON     ","ST JAMES                "
"00599","ENSUR","STREATHAM      ","ST LEONARDS             "
"00600","ENSHR","SHREWSBURY     ","ST CHAD                 "
"00601","ENSHR","SHREWSBURY     ","ST MARYS CASTLE         "
"00602","ENLON","LONDON         ","ST MARY ABCHURCH        "
"00603","ENNOT","NOTTINGHAM     ","PARLIAMENT ST HOCKLEY CH"
"00604","ENLIN","FLEET          ","BAPTIST CHAPEL-Nc       "
"00605","ENOXF","STOKENCHURCH   ","INDEPENDENT             "
"00606","ENESS","COLCHESTER     ","ST JAMES                "
"00607","ENLON","LONDON         ","ST ANN BLACKFRIARS      "
"00608","ENSUF","BURY ST EDMUNDS","WHITING STEET INDEPENDEN"
"00609","ENLAN","PRESTON        ","ST MARKS POLE ST        "
"00610","ENESS","COLCHESTER     ","ST PETERS               "
"00611","ENWOR","PERSHORE       ","HOLY CROSS              "
"00612","ENLON","ST PANCRAS     ","ST PETER                "
"00613","ENWAR","BIRMINGHAM     ","CHEAPSIDE               "
"00614","ENSHR","SHREWSBURY     ","ST ALKMUND              "
"00615","ENLON","LONDON         ","ST KATHERINE CREECHURCH "
"00616","ENLON","LONDON         ","ST VEDAST FOSTER LANE/ST"
"00617","ENSHR","SHREWSBURY     ","ST JULIAN               "
"00618","ENSUR","REDHILL        ","ST JOHN                 "
"00619","ENSTA","ENVILLE        ","ST MARY                 "
"00620","ENLON","WOOLWORTH      ","ST MARY                 "
"00621","ENBED","BEDFORD        ","ST PAUL                 "
"00622","ENWAR","BIRMINGHAM     ","ST JUDE                 "
"00623","ENSUR","CROYDON        ","ST JOHN THE BAPTIST     "
"00624","ENWOR","WORCESTER      ","ST JOHN BEDWARDINE      "
"00625","ENLON","LIMEHOUSE      ","ST JOHN EVANGELIST      "
"00626","ENWAR","BIRMINGHAM     ","ST PETER Rc             "
"00627","ENLON","LONDON         ","ST ANN ST AGNES ALDERSGA"
"00628","ENHRF","HEREFORD       ","ST JOHN BAPTIST         "
"00629","OK101","MUSKOGEE       ","FIRST BAPTIST           "
"00630","ENSHR","BROSELEY       ","ST LEONARD              "
"00631","WLGLA","SWANSEA        ","ST MARYS                "
"00632","ENSHR","SHREWSBURY     ","CLAREMONT ST MTG HSE-BAP"
"00633","ENYOR","CLECKHEATON    ","INDEPENDENT  OR CONGREGA"
"00634","ENLON","SOUTHWARK      ","ST GEORGE MARTYR WORKHOU"
"00635","ENLON","LONDON         ","ST MARY MAGDALENE FISH S"
"00636","ENWOR","GREAT MALVERN  ","ST MARY                 "
"00637","ENLEI","LOUGHBOROUGH   ","ALL SAINTS              "
"00638","ENWIL","MARLBOROUGH    ","ST PETERS               "
"00639","ENLON","LONDON         ","ST MICHAEL QUEENHITHE   "
"00640","ENSUS","CHICHESTER     ","ST PETER THE GREAT      "
"00641","ENYOR","WAKEFIELD      ","ALL SAINTS              "
"00642","ENNTU","NEWCASTLE UT   ","ST JOHN                 "
"00643","ENYOR","SHEFFIELD      ","CATHEDRAL ST PETER      "
"00644","ENYOR","WAKEFIELD      ","ST JOHN                 "
"00645","ENYOR","BEVERLY        ","ST MARY & ST NICHOLAS   "
"00646","ENYOR","YORK           ","ST OLAVE                "
"00647","ENSOM","TAUNTON        ","ST MARY MAGDALENE       "
"00648","ENLON","SOUTHGATE      ","WELD CHAPEL             "
"00649","ENLON","WESTMINSTER    ","ST PAUL COVENT GARDEN   "
"00650","ENSHR","BRIDGNORTH     ","ST MARY MAGDALENE       "
"00651","ENLEI","LEICESTER      ","ST MARTIN               "
"00652","ENSUF","MILDENHALL     ","WESLEYAN METHODIST      "
"00653","ENLON","LONDON         ","ST OLAVE HART STREET    "
"00654","IRDUB","DUBLIN         ","ST BRIDGET              "
"00655","ENLON","SPITALFIELDS   ","ST MARY/WHEELER         "
"00656","ENWOR","WORCESTER      ","ALL SAINTS              "
"00657","ENNOR","NORWICH        ","ST EDMUND               "
"00658","ENSUR","RICHMOND       ","ST MARY MAGDALENE       "
"00659","ENLON","HAMMERSMITH    ","WATERLOO ST WESLEYAN    "
"00660","ENYOR","YORK           ","ALL SAINTS NORTH STREET "
"00661","ENLAN","BIRCH IN RUSHOL","ST JAMES                "
"00662","ENBED","BEDFORD        ","HOLY TRINITY            "
"00663","ENLON","LONDON         ","ST KATHERINE BY TOWER   "
"00664","ENLON","LONDON         ","ST BENET FINK           "
"00665","ENHRT","HERTFORD       ","ST ANDREW               "
"00666","ENSUF","FRAMLINGHAM    ","WESLEYAN                "
"00667","ENLON","LONDON         ","ST LAWRENCE POUNTNEY    "
"00668","ENWAR","STRATFORD ON AV","HOLY TRINITY            "
"00669","ENDEV","EXETER         ","CATHEDRAL               "
"00670","ENLON","LONDON         ","ST PETER PAULS WHARF    "
"00671","ENLON","LONDON         ","ALL HALLOWS/STAINING    "
"00672","ENLON","LONDON         ","TEMPLE CH OF ENGLAND    "
"00673","ENWOR","WORCESTER      ","ST CLEMENT              "
"00674","ENKEN","HIGHAM         ","ST MARY                 "
"00675","ENSOM","WELLS          ","ST CUTHBERT             "
"00676","ENLON","CHELSEA        ","RANELAGH CHAPEL         "
"00677","ENHAM","ALDERSHOT      ","ST MICHAEL              "
"00678","ENKEN","WOOLWICH       ","ST MARY MAGDALENE       "
"00679","ENLON","LONDON         ","HOLY TRINITY THE LESS   "
"00680","ENSOM","WILTON         ","ST GEORGE               "
"00681","ENSUR","SOUTHWARK      ","SURREY CHAPEL BLACKFRIAR"
"00682","ENLAN","LIVERPOOL      ","GR CROSS HALL ST WELCH B"
"00683","ENWOR","WORCESTER      ","ST MICHAEL BEDWARDINE   "
"00684","ENLON","LEWISHAM       ","ST MARY                 "
"00685","ENLON","LONDON         ","ST MICHAEL CROOKED LANE "
"00686","ENYOR","YORK           ","ST MARY BISHOPHILL JR   "
"00687","ENMON","NEWPORT        ","ST PAULS                "
"00688","ENLON","STEPNEY        ","WYCLIFFE CHAPEL INDEPEND"
"00689","WLGLA","CARDIFF        ","ST MARY                 "
"00690","ENHAM","GOSPORT        ","HIGH ST INDEPENDENT     "
"00691","ENSHR","BROSELEY       ","BAPT CHAPEL/BIRCH M     "
"00692","ENLON","LONDON         ","ST DUNSTAN IN THE WEST  "
"00693","ENLON","HOXTON         ","CHRIST CHURCH           "
"00694","ENLON","ROTHERHITHE    ","ST MARY                 "
"00695","ENLON","DULWICH        ","DULWICH COLLEGE         "
"00696","ENLON","LONDON         ","ST JOHN THE BAPTIST     "
"00697","ENLON","ST MARYLEBONE  ","ST ANDREW               "
"00698","ENHRT","WATFORD        ","ST MARYS                "
"00699","ENLAN","MANCHESTER     ","ST ANN                  "
"00700","ENLON","LONDON         ","ST BARTHOLOMEW MOOR LANE"
"00701","ENGLO","BRISTOL        ","ST PHILLIP & JACOB      "
"00702","ENLAN","W DERBY        ","ST MARY THE VIRGIN      "
"00703","ENLON","BRIXTON        ","ST MATTHEW              "
"00704","ENSOM","BRIDGWATER     ","SION CHAPEL TUAM ST     "
"00705","ENSUS","CHICHESTER     ","ST OLAVE                "
"00706","ENYOR","YORK           ","ST HELEN                "
"00707","ENGLO","BRISTOL        ","BRIDGE ST IND OR CONG   "
"00708","ENLON","HOXTON         ","ST ASKE HOSPITAL        "
"00709","ENYOR","KNARESBOROUGH  ","WESLEYAN METHODIST      "
"00710","ENYOR","GOOLE          ","ZION IND.               "
"00711","ENYOR","YORK           ","ST MICHAEL-LE-BELFRY    "
"00712","WLCAR","CARMARTHEN     ","EBENEZER CHAP ST JOHN ST"
"00713","ENLIN","LINCOLN        ","ST MICHAEL ON THE MOUNT "
"00714","ENLON","HOLBORN        ","LYING IN HOSP. ENDELL ST"
"00715","ENLON","LONDON         ","ST ANTHOLIN BUDGE ROW   "
"00716","ENLAN","LIVERPOOL      ","ST JOHNS OLD HAYMARKET  "
"00717","ENAVO","BATH           ","ST PETER & ST PAUL      "
"00718","ENDUR","NEWCASTLE-ON TY","ALL SAINTS              "
"00719","ENSTA","KINGSWINFORD   ","ST MARYS CHAPEL         "
"00720","ENLON","FINSBURY       ","CITY RD CHAPEL WESLEYAN "
"00721","ENSOM","BRIDGWATER     ","CHRIST CH DAMPIER ST    "
"00722","ENSUR","SOUTHWARK      ","WALWORTH LOCKS CHAPEL   "
"00723","ENLON","LONDON         ","OUR LADY IN ALDERMANBURY"
"00724","ENNOR","NORWICH        ","ST GOERGE COLEGATE      "
"00725","WLPEM","HAVERFORD WEST ","ST MARTIN               "
"00726","ENHRT","HITCHIN        ","ST MARY                 "
"00727","ENCOR","TRURO          ","ST MARYS WESLEYAN       "
"00728","ENLIN","LINCOLN        ","ST MARGARET IN THE CLOSE"
"00729","ENGLO","BRISTOL        ","ST MARY LE PORT         "
"00730","ENYOR","RAWDON         ","BUCKSTONE BAPT          "
"00731","ENGLO","GLOUCESTER     ","ST NICHOLAS             "
"00732","ENGLO","BRISTOL        ","ALL SAINTS              "
"00733","ENHAM","BEDHAMPTON     ","ST THOMAS               "
"00734","ENKEN","DOVER          ","ST MARY THE VIRGIN      "
"00735","ENLON","LONDON         ","ST MARY SOMERSET        "
"00736","ENLON","LONDON         ","ST BARTHOLOMEW THE GREAT"
"00737","ENLON","LONDON         ","ST DIONIS BACKCHURCH    "
"00738","ENLON","LONDON         ","ST MARY LE BOW          "
"00739","ENSOM","BATH           ","ABBEY OR ST PETER/PAUL  "
"00740","ENSUS","CHICHESTER     ","PALACE CHAPEL           "
"00741","ENWAR","FOLESHILL      ","ST LAWRENCE             "
"00742","ENYOR","LEEDS          ","ST JOHN                 "
"00743","ENNTH","NORTHAMPTON    ","ST SEPULCHRE            "
"00744","ENYOR","YORK           ","ST SAMPSON              "
"00745","ENLAN","LIVERPOOL      ","ST MARTIN               "
"00746","ENHRT","ST ALBANS      ","ABBEY                   "
"00747","ENKEN","MILTON/GRAVESEN","ST PETER & ST PAUL      "
"00748","STMID","EDINBURGH      ","ST CUTHBERTS            "
"00749","ENYOR","NEW MALTON     ","ST LEONARDS             "
"00750","ENSUS","LEWES          ","ALL SAINTS              "
"00751","ENSUS","BRIGHTON       ","ST NICHOLAS             "
"00752","ENYOR","YORK           ","ST CRUX                 "
"00753","ENNTH","NORTHAMPTON    ","ALL SAINTS              "
"00754","ENLON","LONDON         ","ST BARTHOLOMEW THE LESS "
"00755","ENLON","LONDON         ","ST BARTHOLOMEW EXCHANGE "
"00756","ENBER","READING        ","ST GILES                "
"00757","ENYOR","YORK           ","ST MARGARET             "
"00758","NY061","NEW YORK       ","FIFTH AVE PRESB CH      "
"00759","NJ031","PASSAIC        ","FIRST PRESB CH          "
"00760","CNPEI","CHARLOTTETOWN  ","KNOX PRESB CH           "
"00761","VA009","MADISON HEIGHTS","BAPT CH                 "
"00762","NJ027","MADISON        ","PRESB CH                "
"00763","NC145","TIMBERLAKE     ","BAPT CH                 "
"00764","CT003","WETHERSFIELD   ","CORPUS CHRISTI CH       "
"00765","CNNS ","DIGBY          ","TRINITY ANGLICAN CH     "
"00766","CNONT","LA PASSE       ","OUR LADY OF MT CARMEL   "
"00767","DC001","WASHINGTON     ","ST JOHN'S PE CH         "
"00768","MA025","CHARLESTOWN    ","HIGH ST BAPT CH         "
"00769","IRKIL","CARBERRY       ","CARBERRY CM             "
"00770","MD017","NEWPORT        ","TRINITY PAR             "
"00771","NJ029","TOMS RIVER     ","METH CH                 "
"00772","NJ029","TOMS RIVER     ","PRESB CH                "
"00773","NJ027","MILLBROOK      ","METH EPISC CH           "
"00774","NY061","MANHATTAN      ","ST JAMES M E CH         "
"00775","NJ019","BETHLEHEM      ","BAPT CH                 "
"00776","NJ013","NEWARK         ","M E CH CLINTON ST       "
"00777","NY009","ALLEGANY       ","1ST UNITED METH CH      "
"00778","NY055","ROCHESTER      ","FRIENDS MTG             "
"00779","NJ013","NEWARK         ","1ST BAPT PEDDIE MEM CH  "
"00780","CT009","HAMDEN         ","METH EPISC CH           "
"00781","IN103","ERIE           ","UNITED BAPT CH          "
"00782","PA069","SCRANTON       ","ST STEPHENS RC CH       "
"00783","NC083","HOLLISTER      ","FIRST CONG CH           "
"00784","PA117","WELLSBORO      ","ST PAUL CH              "
"00785","PA117","TIOGA          ","ST ANDREWS CH           "
"00786","MO510","ST LOUIS       ","CONCORD BAPT CH         "
"00787","CNNB ","GAGETOWN       ","ST JOHN ANGLICAN        "
"00788","CNNB ","ST JOHN        ","ST MARKS CH             "
"00789","NY047","BROOKLYN       ","ST PETERS CH            "
"00790","CNNB ","S DEVON        ","GIBSON MEM CH           "
"00791","CNNB ","WOODSTOCK      ","ST PAUL UNITED CH       "
"00792","PA081","JERSEY SHORE   ","1ST METH CH             "
"00793","PA081","JERSEY SHORE   ","PRESB CH                "
"00794","PA081","JERSEY SHORE   ","METH EPISC CH           "
"00795","ME005","BALDWIN        ","METH CH                 "
"00796","CNNB ","MONCTON        ","BAPT CH                 "
"00797","IL019","URBANA         ","HOLY CROSS CH           "
"00798","IL019","URBANA         ","FIRST METH CH           "
"00799","IL019","SIDNEY         ","PRESB CH                "
"00800","IL019","SIDNEY         ","METH CH                 "
"00801","IL075","WATSEKA        ","METH EPISC CH           "
"00802","IL149","PEORIA         ","FIRST PRESB CH          "
"00803","NJ013","IRVINGTON      ","TRINITY EPISC CH        "
"00804","NY061","MANHATTAN      ","CH OF BLESSED SACREMENT "
"00805","NJ013","BELLEVILLE     ","WESLEY METH EPISC CH    "
"00806","NJ013","ORANGE         ","FIRST PRESB CH          "
"00807","NJ023","DUNELLEN       ","FIRST PRESB CH          "
"00808","NJ039","CRANFORD       ","TRINITY EPISC CH        "
"00809","MA023","MARION         ","ST GABRIEL CH           "
"00810","NJ013","S ORANGE       ","CH OF THE HOLY COMMUNION"
"00811","NJ013","MAPLEWOOD      ","GOSPEL CHAPEL           "
"00812","NJ013","ORANGE         ","ST JOHNS CH             "
"00813","NJ025","COLTS NECK     ","REFORMED CH             "
"00814","NJ013","NEWARK         ","ST ROSE OF LIMA CH      "
"00815","NJ013","CEDAR GROVE    ","OLD FIRST CH            "
"00816","NJ013","NUTLEY         ","ST MARYS CH             "
"00817","NJ013","NEWARK         ","FIRST PRESB CH          "
"00818","NY105","BLOOMINGBURGH  ","REFORMED PROTESTANT CH  "
"00819","NY105","FALLSBURG      ","METH EPISC CH           "
"00820","CT015","WILLIAMANTIC   ","ROMAN CATHOLIC CH       "
"00821","NJ039","ELIZABETH      ","SECOND PRESB CH         "
"00822","SC019","CHARLESTON     ","ST PHILLIPS CH          "
"00823","OH063","McCOMB         ","METH CH                 "
"00824","MD510","BALTIMORE      ","ST JOHNS PARISH         "
"00825","MD041",,"ST PETERS PARISH        "
"00826","MA003","GR BARRINGTON  ","ST JAMES EPISC CH       "
"00827","NY027","POUGHKEEPSIE   ","CHRIST EPISC CH         "
"00828","WV033","CLARKSBURG     ","UNITED BAPT CH          "
"00829","WV033","CLARKSBURG     ","ST MARKS LUTHERAN CH    "
"00830","WV033","CLARKSBURG     ","CENTRAL CHRISTIAN CH    "
"00831","MA013","HOLYOKE        ","HOLY CROSS CATHOLIC CH  "
"00832","NM015","CARLSBAD       ","METH CH                 "
"00833","NJ013","CAMPTOWN       ","CHRISTIAN CH            "
"00834","NH019","CLAREMONT      ","ST MARYS CH             "
"00882","NJ039","ELIZABETH      ","FIRST CONG CH           "
"00883","NJ013","NEWARK         ","CLINTON AVE BAPT CH     "
"00884","NJ023","METUCHEN       ","M E CH                  "
"00885","NJ025","RED BANK       ","BAPT CH                 "
"00886","NJ031","PATERSON       ","M E CH PROSPECT ST      "
"00887","NJ017","HOBOKEN        ","FIRST PRESB CH          "
"00888","NJ029","LANOKA         ","M E CH                  "
"00889","NJ013","NEWARK         ","6TH PRESB CH            "
"00890","NJ019","CLINTON        ","BAPT CH                 "
"00891","NJ019","PATTENBURG     ","BAPT CH                 "
"00892","NJ027","ROCKAWAY       ","BAPT CH                 "
"00893","NJ013","NEWARK         ","CENTENARY M E CH        "
"00894","NJ017","JERSEY CITY    ","BEYUM REF CH            "
"00895","NJ027","ROCKAWAY       ","M E CH                  "
"00896","NJ027","DOVER          ","GRACE M E CH            "
"00897","NJ025","ASBURY PARK    ","M E CH                  "
"00898","NJ017","JERSEY CITY    ","ST MICHAELS CH          "
"00899","NJ019","UNION TWP      ","GRACE CH                "
"00900","NJ017","BAYONNE        ","ST MARY CH              "
"00901","NJ003","HACKENSACK     ","FIRST REFORMED CH       "
"00902","NJ039","SUMMIT         ","M E CH                  "
"00903","NJ021","TRENTON        ","LUTHERAN CH             "
"00904","NJ037","SUSSEX         ","PRESB CH                "
"00905","NJ021","TRENTON        ","ST JAMES CH             "
"00906","NJ027","MORRIS PLAINS  ","PRESB CH                "
"00907","NJ039","PLAINFIELD     ","NETHERMONT REF CH       "
"00908","NJ039","SUMMIT         ","ST TERESA CH            "
"00909","PA007","BEAVER FALLS   ","PRESB CH                "
"00910","CT003","NEW BRITAIN    ","ST MARKS CH             "
"00911","NY027","POUGHKEEPSIE   ","ST PETERS CH            "
"00912","MO109","PIERCE CITY    ","M E CH                  "
"00913","NY071","MIDDLETOWN     ","WEBB HORTON CH          "
"00914","NY105","LIBERTY        ","M E CH                  "
"00915","NY067","FAYETTEVILLE   ","IMMACULATE CONCEPTION CH"
"00916","NY011","AUBURN         ","ST ALOYSIUS CH          "
"00917","NY067","FAYETTEVILLE   ","TRINITY CH              "
"00918","NY067","SYRACUSE       ","GRACE EPISC CH          "
"00919","NY067","S ONONDAGA     ","SOUTH METH CH           "
"00920","NY067","SYRACUSE       ","CH OF THE SAVIOR        "
"00921","NY067","W GENESEE      ","METH CH                 "
"00922","NY067","FAYETTEVILLE   ","METH CH                 "
"00923","NY017","NORWICH        ","UNITED CH OF CHRIST     "
"00924","NY067","SYRACUSE       ","ST STEPHENS LUTH CH     "
"00925","CO041","PETERSON AFB   ","PETERSON CHAPEL         "
"00926","VA177",,"ZOAN BAPT CH            "
"00927","CNNB ","ST JOHN        ","TRINITY ANGLICAN CH     "
"00928","CA037","CANOGA PARK    ","ST JOSEPH CATH CH       "
"00929","MA001","MASHPEE        ","MASHPEE BAPT CH         "
"00930","MA009","LAWRENCE       ","HOLY ROSARY CH          "
"00931","MA009","WAKEFIELD      ","ST FLORENCE CATH CH     "
"00932","MA025","BOSTON         ","GATE OF HEAVEN CH       "
"00933","MA001","BREWSTER       ","UNITARIAN CH            "
"00934","WV033","CLARKSBURG     ","GOFF M E CH             "
"00935","MI163","DETROIT        ","14TH AVE METH CH (HAVEN)"
"00936","NJ039","ELIZABETH      ","ST JAMES M E CH         "
"00937","CNBC ","VANCOUVER      ","ST ANDREWS PRESB CH     "
"00938","NY027","POUGHKEEPSIE   ","FIRST & 2ND REFORMED CH "
"00939","NY027","STANDFORD      ","UNITED CH OF CHRIST     "
"00940","NY027","NORTHEAST      ","BAPT CH                 "
"00941","ASTRL","SYDNEY/NSW     ","ST MARY CATHEDRAL       "
"00942","WA009","PORT ANGELES   ","ST ANDREWS CH           "
"00944","CT009","NEW HAVEN      ","LUTHERAN CH             "
"00945","CT001","BRIDGEPORT     ","ROMAN CATH CH           "
"00946","CT003","HARTFORD       ","METH EPISC CH           "
"00947","CT009","MERIDEN        ","ST ROSE CH              "
"00948","CT009","WATERBURY      ","CHRIST CHAPEL           "
"00949","CT007","DURHAM         ","EPIPHANY CH             "
"00950","CT005","THOMASTON      ","ROMAN CATH CH           "
"00951","CT009","CHESHIRE       ","ROMAN CATH CH           "
"00952","CT003","AVON           ","ROMAN CATH CH           "
"00953","CT005","WINCHESTER     ","ROMAN CATH CH           "
"00954","CT005","NEW HARTFORD   ","METH CH                 "
"00955","CT009","WOODBRIDGE     ","ROMAN CATH CH           "
"00956","CT011","WATERFORD      ","BAPT CH                 "
"00957","CT009","WALLINGFORD    ","ST PAUL                 "
"00958","CT009","WATERBURY      ","ROMAN CATH CH           "
"00959","CT009","HAMDEN         ","ROMAN CATH CH           "
"00960","CT001","SHELTON        ","CH OF GOOD SHEPHERD     "
"00961","CT009","E HAVEN        ","ROMAN CATH CH           "
"00962","MA017","MEDFORD        ","HILLSIDE UNIVERSALIST CH"
"00963","MA013","HOLYOKE        ","GRACE CH                "
"00964","MA005","ACUSHNET       ","METH CH                 "
"00965","MA023","WAREHAM        ","METH CH                 "
"00966","MA003","PITTSFIELD     ","NOTRE DAME R C CH       "
"00967","NH017","DOVER          ","ST THOMAS CH            "
"00968","MA009","LAWRENCE       ","ST PATRICK R C CH       "
"00969","MA017","EVERETT        ","FIRST CONG CH           "
"00970","MA027","LEOMINSTER     ","ST CECELIA R C CH       "
"00971","MA017","CAMBRIDGE      ","HARVARD MEMORIAL CH     "
"00972","MA017","MELROSE        ","FIRST BAPT CH           "
"00973","MA017","WINCHESTER     ","UNITARIAN CH            "
"00974","MA017","CAMBRIDGE      ","ST MARY R C CH          "
"00975","MA027","LEOMINSTER     ","ST LEO R C CH           "
"00976","MA017","MEDFORD        ","ST CLEMENT R C CH       "
"00977","MA005","FAIRHAVEN      ","FIRST CONG CH           "
"00978","MA013","SPRINGFIELD    ","MT CARMEL CH            "
"00979","MA009","LYNN           ","ST STEPHANIE CH         "
"00980","MA017","ARLINGTON      ","PLEASANT ST CONG CH     "
"00981","MA021","CANTON         ","FIRST CONG CH           "
"00982","MA003","PITTSFIELD     ","ST MARY MORNING STAR CH "
"00983","MA009","GROVRLAND      ","CONG CH                 "
"00984","MA017","MEDFORD        ","SACRED HEART CH         "
"00985","MA013","SPRINGFIELD    ","HOLY NAME CH            "
"00986","MA017","SOMERVILLE     ","ST ANTHONY CH           "
"00987","MA017","ARLINGTON      ","UNITARIAN CH            "
"00988","MA025","BOSTON         ","THE SECOND CH           "
"00989","MA017","WOBURN         ","ST BARBARA CH           "
"00990","MA025","BOSTON         ","HOLY CROSS CATHEDRAL    "
"00991","MA025","BOSTON         ","ST GEORGE SYRIAN ORTHODX"
"00992","MA021","BROOKLINE      ","FIRST PRESBY CH         "
"00993","MA017","WESTON         ","ST PETER CH             "
"00994","MA027","N UXBRIDGE     ","BAPT CH                 "
"00995","MA013","HOLYOKE        ","FIRST LUTHERN CH        "
"00996","MA013","HOLYOKE        ","PRECIOUS BLOOD R C CH   "
"00997","MA027","LEOMINSTER     ","ST ANN CH               "
"00998","MA027","WORCESTER      ","ST MICHAEL O T H CH     "
"00999","MA017","CAMBRIDGE      ","BLESSED SACREMENT CH    "
"01000","MA001","YARMOUTH       ","FIRST CONG CH           "
"01001","MA017","ARLINGTON      ","PARK AV CONG CH         "
"01002","MA013","SPRINGFIELD    ","HOPE CONG CH            "
"01003","MA013","SPRINGFIELD    ","ST MICHAEL CATHEDRAL    "
"01004","MA021","SHELDONVILLE   ","BAPT CH                 "
"01005","MA017","ARLINGTON      ","ST JAMES THE APOSTLE CH "
"01006","MA017","CHICOPEE       ","ST ANN CH               "
"01007","MA017","LEXINGTON      ","ST BRIGIDE R C CH       "
"01008","MA003","LEE            ","ST MARY R C CH          "
"01009","MA017","WILMINGTON     ","ST THOMAS CH            "
"01010","MA017","CONCORD        ","TRINITARIAN CONG CH     "
"01011","MA005","NEW BEDFORD    ","ST ANDREW R C CH        "
"01012","MA021","BRAINTREE      ","ST THOMAS MORE R C CH   "
"01013","MA025","DORCHESTER     ","ST KEVIN R C CH         "
"01014","MA003","GR BARRINGTON  ","ST PETER R C CH         "
"01015","MA017","HUDSON         ","ST MICHAEL R C CH       "
"01016","MA025","JAMAICA PLAIN  ","OUR LADY OF LOURDES C CH"
"01017","MA017","FRAMINGHAM     ","ST STEPHEN CH           "
"01018","MA021","QUINCY         ","UNITED FIRST PARISH CH  "
"01019","MA021","WEYMOUTH       ","OLD SOUTH UNION CH      "
"01020","MA027","WORCESTER      ","ST BERNARD R C CH       "
"01021","MA003","HINSDALE       ","ST PATRICK CH           "
"01022","MA003","GR BARRINGTON  ","ALL SAINTS CH           "
"01023","MA021","MEDWAY         ","ST JOSEPH CH            "
"01024","MD005","CATONSVILLE    ","CHAPELGATE PRESBY CH    "
"01025","TX309","WACO           ","COLUMBUS BAPT CH        "
"01026","KS021","COLUMBUS       ","FIRST METH CH           "
"01027","KY145","PADUCAH        ","PRESBY CH               "
"00322","ENDEV","TEDBURN        ","ST MARY                 "
"00325","ENDEV","NEWTON         ","ST CYRES                "
"01028","ENLON","LONDON         ","DUTCH CH                "
"01029","NY119","LARCHMONT      ","ST AUGUSTINE RC CH      "
"01030","CT005","NEW MILFORD    ","NEW HAVEN 2ND CH        "
"01031","CNONT","PELHAM         ","QUAKER MEETING          "
"01032","PA101","PHILADELPHIA   ","CEDAR ST PRESB CH       "
"01033","DC001","WASHINGTON DC  ","UNION METH EPISC CH     "
"01034","NJ013","ORANGE         ","LADY THE VALLEY CATH CH "
"01035","NJ013","IRVINGTON      ","ST LEO CH               "
"01036","OH137","COLUMBUS GROVE ","FIRST PRESB CH          "
"01037","IN107","CRAWFORDSVILLE ","CENTER PRESBY CH        "
"01038","IN107","NEW ROSS       ","CHRISTIAN CH            "
"01039","IL183","BISMARCK       ","UNITED METH CH          "
"01040","IN107","CRAWFORDSVILLE ","FIRST UNITED METH CH    "
"01041","IN107","WAYNETOWN      ","BAPT CH                 "
"01042","IN107",,"ELMDALE COMMUNITY CH    "
"01043","IL043","OAK BROOK      ","BETHANY THEOLOGICAL  SEM"
"01044","IL183","DANVILLE       ","CH OF THE HOLY TRINITY  "
"01045","IN107","WINGATE        ","CENTER CHRISTIAN CH     "
"01046","NJ039","GARWOOD        ","ST ANN'S CH             "
"01047","NJ035","RARITAN        ","ST ANN'S CH             "
"01048","NJ039","CLARK          ","VANDERHOVEN CHAPEL      "
"01049","RI005","NEWPORT        ","US NAVY CHAPEL          "
"01050","IN107","WAYNETOWN      ","CHRISTIAN UNION CH      "
"01051","IN157","LAFAYETTE      ","CONGRESS ST METH CH     "
"01052","IN157","LAFAYETTE      ","ST MARY CATHEDERAL      "
"01053","IN157","LAFAYETTE      ","ST ANN CH               "
"01054","NY121","PIKE           ","BAPT CH                 "
"01055","IN103","PERU           ","ST CHARLES CATHOLIC CH  "
"01056","KY099","UNO            ","GREEN CHAPL CH OF CHRIST"
"01057","NY069","SHORTSVILLE    ","PRESB CH                "
"01058","IL103","SUBLETTE       ","OUR LADY OF PERPETUAL HE"
"01059","NY061","MANHATTAN      ","42ND ST PRESB CH        "
"01060","WV017","NEW MILTON     ","UNION MISSION CHURCH    "
"01061","WV033","NUTTER PORT    ","FIRST BAPT CH           "
"01062","KY169","EDMONTON       ","LITTLE BARREN BAPT CH   "
"01063","NY069","SHORTSVILLE    ","ST DOMINIC CH           "
"01064","UT049","PROVO          ","MT TIMPANOGOS TEMPLE    "
"01065","KS057","DODGE CITY     ","PRESB CH                "
"01066","IN131","STAR CITY      ","UNITED METH CH          "
"01067","MN053","MINNEAPOLIS    ","ST JOHNS LUTHERN CH     "
"01068","MN063","ANOKA          ","FIRST BAPT CH           "
"01069","CT009","N BRANFORD     ","CONG CH                 "
"01070","OH061","CINCINNATI     ","UNITED BAPT CH          "
"01071","NJ027","MORRISTOWN     ","METHODIST CH            "
"01072","MI077","KALAMAZOO      ","STETSON CHAPEL          "
"01073","NJ013","NEWARK         ","SOUTH BAPTIST CH        "
"01074","PA081","JERSEY SHORE   ","ST JOHNS LUTHERAN CH    "
"01075","OH057","FAIRBORN       ","FIRST BAPTIST           "
"01076","KY099","MUNFORDVILLE   ","BOILING SPRINGS BAPTIST "
"01077","CA079","ATASCADERO     ","FIRST UNITED METHODIST  "
"01078","AZ013","CHANDLER       ","ST. MARY'S CATHOLIC CH  "
"01079","IA013","CEDAR FALLS    ","FIRST BAPTIST           "
"01080","KS087","NORTONVILLE    ","ST. JOSEPH'S CATHOLIC   "
"01081","NM027","RUIDOSO        ","COMNTY UNITED METH CHRCH"
"01082","IN097","INDIANAPOLIS   ","3RD PRESBYTERIAN CHURCH "
"01083","IN057","WESTFIELD      ","ST. MARIA GURETTI CATHLI"
"01084","ENCHE","CHESTER        ","ST. MARY                "
"01085","NY067","SYRACUSE       ","ST. PAUL'S CATHEDERAL   "
"01086","KS173","WICHITA        ","FIRST BIBLE BAPTIST     "
"01087","KS173","WICHITA        ","CENTRAL COMMUNITY CHURCH"
